full_class,package,class_name,is_inner_class,byte_exact_pct,total_methods,exact_methods,non_exact_methods,structural,sorted_multiset,fuzzy,core_ops_only,none,min_raw_similarity,avg_raw_similarity,total_instructions
zombie.network.FakeClientManager$1,zombie.network,FakeClientManager$1,True,0.0,1,0,1,0,1,0,0,0,95.61,95.61,296
zombie.util.AddCoopPlayer$1,zombie.util,AddCoopPlayer$1,True,0.0,1,0,1,0,1,0,0,0,100.0,100.0,59
zombie.vehicles.test_IsQuadranglesAreTransposed,zombie.vehicles,test_IsQuadranglesAreTransposed,False,13.33,15,2,13,0,13,0,0,0,100.0,100.0,881
zombie.BitMatrix,zombie,BitMatrix,False,33.33,3,1,2,0,2,0,0,0,100.0,100.0,88
zombie.core.skinnedmodel.model.VertexBufferObject$VertexArray,zombie.core.skinnedmodel.model,VertexBufferObject$VertexArray,True,40.0,5,2,3,0,3,0,0,0,100.0,100.0,160
zombie.iso.IsoObjectPicker,zombie.iso,IsoObjectPicker,False,47.06,17,8,9,9,0,0,0,0,88.28,94.8,1985
zombie.core.raknet.VoiceManager$3,zombie.core.raknet,VoiceManager$3,True,50.0,2,1,1,1,0,0,0,0,57.14,57.14,55
zombie.iso.LosUtil,zombie.iso,LosUtil,False,50.0,8,4,4,4,0,0,0,0,78.19,81.09,2107
zombie.vehicles.UI3DScene$GridPlaneDrawer,zombie.vehicles,UI3DScene$GridPlaneDrawer,True,50.0,2,1,1,0,1,0,0,0,83.33,83.33,105
zombie.vehicles.VehicleDBHelper,zombie.vehicles,VehicleDBHelper,False,50.0,2,1,1,0,1,0,0,0,85.59,85.59,121
zombie.network.GameServerWorkshopItems,zombie.network,GameServerWorkshopItems,False,50.0,4,2,2,2,0,0,0,0,85.71,87.72,204
zombie.commands.serverCommands.StatisticsCommand,zombie.commands.serverCommands,StatisticsCommand,False,50.0,2,1,1,0,1,0,0,0,89.09,89.09,117
zombie.commands.serverCommands.RemoveZombiesCommand,zombie.commands.serverCommands,RemoveZombiesCommand,False,50.0,2,1,1,0,1,0,0,0,93.6,93.6,257
zombie.network.ServerChunkLoader$SaveChunkThread,zombie.network,ServerChunkLoader$SaveChunkThread,True,50.0,8,4,4,0,4,0,0,0,92.16,98.04,271
zombie.audio.parameters.ParameterCurrentZone,zombie.audio.parameters,ParameterCurrentZone,False,50.0,2,1,1,0,1,0,0,0,100.0,100.0,126
zombie.chat.NineGridTexture,zombie.chat,NineGridTexture,False,50.0,2,1,1,0,1,0,0,0,100.0,100.0,219
zombie.input.KeyboardStateCache,zombie.input,KeyboardStateCache,False,60.0,5,3,2,2,0,0,0,0,76.19,80.41,119
zombie.input.MouseStateCache,zombie.input,MouseStateCache,False,60.0,5,3,2,2,0,0,0,0,76.19,80.41,119
zombie.vehicles.CircleLineIntersect,zombie.vehicles,CircleLineIntersect,False,60.0,5,3,2,1,1,0,0,0,84.28,89.96,3030
zombie.vehicles.VehicleEngineRPM,zombie.vehicles,VehicleEngineRPM,False,60.0,5,3,2,0,2,0,0,0,90.79,94.22,235
zombie.modding.ActiveModsFile,zombie.modding,ActiveModsFile,False,60.0,5,3,2,2,0,0,0,0,96.67,96.87,276
zombie.Lua.LuaEventManager,zombie.Lua,LuaEventManager,False,65.38,26,17,9,9,0,0,0,0,69.57,84.82,1806
zombie.core.WinReqistry$StreamReader,zombie.core,WinReqistry$StreamReader,True,66.67,3,2,1,0,1,0,0,0,69.23,69.23,28
zombie.core.IndieFileLoader,zombie.core,IndieFileLoader,False,66.67,3,2,1,0,1,0,0,0,71.79,71.79,46
zombie.input.ControllerStateCache,zombie.input,ControllerStateCache,False,66.67,6,4,2,2,0,0,0,0,76.19,80.41,130
zombie.savefile.PlayerDBHelper,zombie.savefile,PlayerDBHelper,False,66.67,6,4,2,0,2,0,0,0,85.09,85.84,572
zombie.characters.ClothingWetness,zombie.characters,ClothingWetness,False,66.67,6,4,2,0,2,0,0,0,86.89,88.47,1027
zombie.iso.TileOverlays$TileOverlayUsage,zombie.iso,TileOverlays$TileOverlayUsage,True,66.67,3,2,1,0,1,0,0,0,92.21,92.21,116
zombie.iso.NearestWalls,zombie.iso,NearestWalls,False,66.67,15,10,5,4,1,0,0,0,86.11,92.52,1114
zombie.core.Collections.NonBlockingHashMap$3,zombie.core.Collections,NonBlockingHashMap$3,True,66.67,6,4,2,2,0,0,0,0,92.86,93.09,46
zombie.core.Collections.NonBlockingHashMapLong$3,zombie.core.Collections,NonBlockingHashMapLong$3,True,66.67,6,4,2,2,0,0,0,0,92.86,93.09,46
zombie.core.Collections.NonBlockingHashtable$3,zombie.core.Collections,NonBlockingHashtable$3,True,66.67,6,4,2,2,0,0,0,0,92.86,93.09,46
zombie.core.Collections.NonBlockingIdentityHashMap$3,zombie.core.Collections,NonBlockingIdentityHashMap$3,True,66.67,6,4,2,2,0,0,0,0,92.86,93.09,46
zombie.config.ConfigFile,zombie.config,ConfigFile,False,66.67,6,4,2,1,1,0,0,0,89.21,93.41,238
zombie.util.ByteBufferOutputStream,zombie.util,ByteBufferOutputStream,False,66.67,9,6,3,3,0,0,0,0,92.31,93.97,176
zombie.audio.parameters.ParameterFootstepMaterial,zombie.audio.parameters,ParameterFootstepMaterial,False,66.67,3,2,1,1,0,0,0,0,97.7,97.7,99
zombie.scripting.ScriptParsingUtils,zombie.scripting,ScriptParsingUtils,False,66.67,3,2,1,1,0,0,0,0,98.61,98.61,409
zombie.iso.objects.IsoFireManager$FireSounds$Slot,zombie.iso.objects,IsoFireManager$FireSounds$Slot,True,66.67,3,2,1,1,0,0,0,0,98.9,98.9,143
zombie.ai.states.ClimbOverWallState,zombie.ai.states,ClimbOverWallState,False,69.23,13,9,4,3,1,0,0,0,82.41,86.63,746
zombie.core.textures.Pcx,zombie.core.textures,Pcx,False,70.0,10,7,3,3,0,0,0,0,78.57,81.15,922
zombie.network.PlayerDownloadServer$WorkerThread,zombie.network,PlayerDownloadServer$WorkerThread,True,70.0,10,7,3,0,3,0,0,0,93.75,94.86,651
zombie.core.skinnedmodel.animation.debug.GenericNameWeightRecordingFrame,zombie.core.skinnedmodel.animation.debug,GenericNameWeightRecordingFrame,False,71.43,7,5,2,1,1,0,0,0,98.53,99.27,129
zombie.vehicles.PolygonalMap2$LineClearCollideMain,zombie.vehicles,PolygonalMap2$LineClearCollideMain,True,72.73,11,8,3,2,1,0,0,0,96.44,98.18,2695
zombie.network.ServerGUI,zombie.network,ServerGUI,False,73.68,19,14,5,3,2,0,0,0,66.4,86.51,1769
zombie.iso.sprite.shapers.SpritePadding,zombie.iso.sprite.shapers,SpritePadding,False,75.0,4,3,1,1,0,0,0,0,81.36,81.36,210
zombie.ai.ZombieGroupManager,zombie.ai,ZombieGroupManager,False,75.0,8,6,2,2,0,0,0,0,75.99,83.63,1022
zombie.gameStates.GameStateMachine,zombie.gameStates,GameStateMachine,False,75.0,4,3,1,0,1,0,0,0,87.61,87.61,260
zombie.core.skinnedmodel.advancedanimation.BlendInfo$BlendInstance,zombie.core.skinnedmodel.advancedanimation,BlendInfo$BlendInstance,True,75.0,4,3,1,1,0,0,0,0,90.65,90.65,151
zombie.iso.IsoWorld$CompScoreToPlayer,zombie.iso,IsoWorld$CompScoreToPlayer,True,75.0,4,3,1,1,0,0,0,0,92.86,92.86,58
zombie.randomizedWorld.randomizedVehicleStory.RVSBanditRoad,zombie.randomizedWorld.randomizedVehicleStory,RVSBanditRoad,False,75.0,4,3,1,1,0,0,0,0,95.39,95.39,274
zombie.randomizedWorld.randomizedVehicleStory.RVSChangingTire,zombie.randomizedWorld.randomizedVehicleStory,RVSChangingTire,False,75.0,4,3,1,1,0,0,0,0,96.95,96.95,311
zombie.randomizedWorld.randomizedVehicleStory.RVSTrailerCrash,zombie.randomizedWorld.randomizedVehicleStory,RVSTrailerCrash,False,75.0,4,3,1,1,0,0,0,0,97.26,97.26,260
zombie.iso.WorldStreamer$ChunkComparator,zombie.iso,WorldStreamer$ChunkComparator,True,75.0,4,3,1,0,1,0,0,0,97.89,97.89,200
zombie.randomizedWorld.randomizedVehicleStory.RVSFlippedCrash,zombie.randomizedWorld.randomizedVehicleStory,RVSFlippedCrash,False,75.0,4,3,1,1,0,0,0,0,98.76,98.76,219
zombie.core.raknet.TestClient,zombie.core.raknet,TestClient,False,75.0,4,3,1,1,0,0,0,0,98.86,98.86,145
zombie.randomizedWorld.randomizedVehicleStory.RVSAmbulanceCrash,zombie.randomizedWorld.randomizedVehicleStory,RVSAmbulanceCrash,False,75.0,4,3,1,0,1,0,0,0,99.11,99.11,188
zombie.randomizedWorld.randomizedVehicleStory.RVSCrashHorde,zombie.randomizedWorld.randomizedVehicleStory,RVSCrashHorde,False,75.0,4,3,1,1,0,0,0,0,99.41,99.41,231
zombie.core.SpriteRenderer$RingBuffer$StateRun,zombie.core,SpriteRenderer$RingBuffer$StateRun,True,75.0,4,3,1,0,1,0,0,0,100.0,100.0,454
zombie.characters.ZombiesZoneDefinition,zombie.characters,ZombiesZoneDefinition,False,76.47,17,13,4,4,0,0,0,0,91.89,95.5,952
zombie.ai.states.SwipeStatePlayer,zombie.ai.states,SwipeStatePlayer,False,79.55,44,35,9,6,3,0,0,0,65.75,86.28,6063
zombie.gameStates.ChooseGameInfo,zombie.gameStates,ChooseGameInfo,False,80.0,10,8,2,0,2,0,0,0,82.91,85.64,1018
zombie.randomizedWorld.randomizedDeadSurvivor.RDSZombieLockedBathroom,zombie.randomizedWorld.randomizedDeadSurvivor,RDSZombieLockedBathroom,False,80.0,5,4,1,1,0,0,0,0,89.47,89.47,288
zombie.fileSystem.FileSystemImpl,zombie.fileSystem,FileSystemImpl,False,80.0,20,16,4,0,4,0,0,0,80.56,90.43,564
zombie.network.ServerChunkLoader$GetSquare,zombie.network,ServerChunkLoader$GetSquare,True,80.0,5,4,1,0,1,0,0,0,93.22,93.22,236
zombie.network.BodyDamageSync,zombie.network,BodyDamageSync,False,80.0,10,8,2,1,1,0,0,0,93.71,94.35,453
zombie.inventory.CompressIdenticalItems,zombie.inventory,CompressIdenticalItems,False,80.0,10,8,2,0,1,1,0,0,91.07,94.51,656
zombie.network.ServerLOS$LOSThread,zombie.network,ServerLOS$LOSThread,True,80.0,5,4,1,0,1,0,0,0,95.92,95.92,317
zombie.iso.sprite.CorpseFlies,zombie.iso.sprite,CorpseFlies,False,80.0,5,4,1,0,1,0,0,0,97.06,97.06,177
zombie.randomizedWorld.randomizedVehicleStory.RVSPoliceBlockadeShooting,zombie.randomizedWorld.randomizedVehicleStory,RVSPoliceBlockadeShooting,False,80.0,5,4,1,1,0,0,0,0,97.65,97.65,495
zombie.network.ServerChunkLoader$SaveGameTimeTask,zombie.network,ServerChunkLoader$SaveGameTimeTask,True,80.0,5,4,1,1,0,0,0,0,98.15,98.15,90
zombie.characters.NetworkZombieVariables,zombie.characters,NetworkZombieVariables,False,80.0,5,4,1,1,0,0,0,0,98.41,98.41,220
zombie.core.Collections.NonBlockingHashMap$SnapshotE,zombie.core.Collections,NonBlockingHashMap$SnapshotE,True,80.0,5,4,1,0,1,0,0,0,100.0,100.0,38
zombie.core.Collections.NonBlockingHashMapLong$SnapshotE,zombie.core.Collections,NonBlockingHashMapLong$SnapshotE,True,80.0,5,4,1,0,1,0,0,0,100.0,100.0,39
zombie.core.Collections.NonBlockingHashtable$SnapshotE,zombie.core.Collections,NonBlockingHashtable$SnapshotE,True,80.0,5,4,1,0,1,0,0,0,100.0,100.0,38
zombie.core.Collections.NonBlockingIdentityHashMap$SnapshotE,zombie.core.Collections,NonBlockingIdentityHashMap$SnapshotE,True,80.0,5,4,1,0,1,0,0,0,100.0,100.0,38
zombie.core.skinnedmodel.HelperFunctions,zombie.core.skinnedmodel,HelperFunctions,False,80.77,26,21,5,5,0,0,0,0,50,79.77,1317
zombie.gameStates.ConnectToServerState$WorkshopItem,zombie.gameStates,ConnectToServerState$WorkshopItem,True,81.25,16,13,3,3,0,0,0,0,93.75,96.25,321
zombie.core.skinnedmodel.model.ModelOutlines,zombie.core.skinnedmodel.model,ModelOutlines,False,81.82,11,9,2,1,1,0,0,0,88.89,88.93,526
zombie.core.skinnedmodel.model.ModelInstance$PlayerData,zombie.core.skinnedmodel.model,ModelInstance$PlayerData,True,81.82,11,9,2,1,1,0,0,0,96.31,97.94,1339
zombie.MapGroups,zombie,MapGroups,False,82.35,17,14,3,3,0,0,0,0,88.83,89.86,670
zombie.iso.objects.ObjectRenderEffects,zombie.iso.objects,ObjectRenderEffects,False,82.35,17,14,3,3,0,0,0,0,86.18,90.79,1597
zombie.core.znet.SteamWorkshopItem,zombie.core.znet,SteamWorkshopItem,False,82.5,40,33,7,4,3,0,0,0,79.49,91.35,1358
zombie.iso.ChunkSaveWorker,zombie.iso,ChunkSaveWorker,False,83.33,6,5,1,1,0,0,0,0,77.78,77.78,202
zombie.iso.IsoWaterGeometry,zombie.iso,IsoWaterGeometry,False,83.33,6,5,1,1,0,0,0,0,78.57,78.57,575
zombie.creative.creativerects.OpenSimplexNoise,zombie.creative.creativerects,OpenSimplexNoise,False,83.33,12,10,2,0,0,2,0,0,79.64,85.2,8584
zombie.ui.TextBox,zombie.ui,TextBox,False,83.33,6,5,1,0,1,0,0,0,86.67,86.67,242
zombie.gameStates.TISLogoState,zombie.gameStates,TISLogoState,False,83.33,6,5,1,0,1,0,0,0,87.77,87.77,524
zombie.iso.sprite.shapers.FloorShaperAttachedSprites,zombie.iso.sprite.shapers,FloorShaperAttachedSprites,False,83.33,6,5,1,1,0,0,0,0,88.04,88.04,114
zombie.iso.sprite.shapers.FloorShaperDeDiamond,zombie.iso.sprite.shapers,FloorShaperDeDiamond,False,83.33,6,5,1,1,0,0,0,0,88.04,88.04,218
zombie.audio.ObjectAmbientEmitters$WindowLogic,zombie.audio,ObjectAmbientEmitters$WindowLogic,True,83.33,6,5,1,1,0,0,0,0,90,90.0,32
zombie.scripting.ScriptParser,zombie.scripting,ScriptParser,False,83.33,6,5,1,1,0,0,0,0,91.46,91.46,271
zombie.AmbientStreamManager,zombie,AmbientStreamManager,False,83.33,18,15,3,2,1,0,0,0,90.48,91.65,1639
zombie.core.fonts.AngelCodeFont$CharDef,zombie.core.fonts,AngelCodeFont$CharDef,True,83.33,6,5,1,0,1,0,0,0,92.31,92.31,218
zombie.iso.IsoCell$SnowGrid,zombie.iso,IsoCell$SnowGrid,True,83.33,6,5,1,0,1,0,0,0,93.79,93.79,969
zombie.core.textures.TextureFBO,zombie.core.textures,TextureFBO,False,83.33,24,20,4,0,4,0,0,0,90,95.12,745
zombie.core.Languages,zombie.core,Languages,False,83.33,12,10,2,2,0,0,0,0,93.75,95.93,263
zombie.savefile.PlayerDB$PlayerData,zombie.savefile,PlayerDB$PlayerData,True,83.33,6,5,1,1,0,0,0,0,96.43,96.43,192
zombie.vehicles.VehiclesDB2$VehicleBuffer,zombie.vehicles,VehiclesDB2$VehicleBuffer,True,83.33,6,5,1,1,0,0,0,0,96.43,96.43,210
zombie.audio.ObjectAmbientEmitters$WaterDripLogic,zombie.audio,ObjectAmbientEmitters$WaterDripLogic,True,83.33,6,5,1,1,0,0,0,0,98,98.0,82
zombie.characters.IsoLivingCharacter,zombie.characters,IsoLivingCharacter,False,83.33,6,5,1,1,0,0,0,0,98.13,98.13,394
zombie.core.utils.HashMap$Bucket,zombie.core.utils,HashMap$Bucket,True,83.33,6,5,1,1,0,0,0,0,100.0,100.0,201
zombie.iso.objects.IsoZombieHead,zombie.iso.objects,IsoZombieHead,False,83.33,6,5,1,0,1,0,0,0,100.0,100.0,127
zombie.vehicles.PolygonalMap2$ChunkDataZ,zombie.vehicles,PolygonalMap2$ChunkDataZ,True,83.33,6,5,1,0,1,0,0,0,100.0,100.0,747
zombie.network.NetChecksum$Comparer,zombie.network,NetChecksum$Comparer,True,84.62,13,11,2,0,2,0,0,0,71.2,78.45,933
zombie.text.templating.TemplateText,zombie.text.templating,TemplateText,False,84.62,13,11,2,2,0,0,0,0,80,81.31,122
zombie.WorldSoundManager,zombie,WorldSoundManager,False,85.0,20,17,3,2,1,0,0,0,66.47,83.02,1105
zombie.erosion.ErosionConfig,zombie.erosion,ErosionConfig,False,85.71,7,6,1,0,1,0,0,0,78.79,78.79,1201
zombie.core.Clipboard,zombie.core,Clipboard,False,85.71,7,6,1,0,1,0,0,0,84.85,84.85,97
zombie.erosion.categories.WallCracks,zombie.erosion.categories,WallCracks,False,85.71,7,6,1,1,0,0,0,0,84.86,84.86,549
zombie.radio.RadioDebugConsole,zombie.radio,RadioDebugConsole,False,85.71,7,6,1,1,0,0,0,0,86.36,86.36,689
zombie.audio.ObjectAmbientEmitters,zombie.audio,ObjectAmbientEmitters,False,85.71,14,12,2,2,0,0,0,0,86.17,88.45,821
zombie.network.packets.StopSoundPacket,zombie.network.packets,StopSoundPacket,False,85.71,7,6,1,1,0,0,0,0,90.7,90.7,110
zombie.erosion.categories.WallVines,zombie.erosion.categories,WallVines,False,85.71,7,6,1,1,0,0,0,0,91.3,91.3,783
zombie.util.AddCoopPlayer,zombie.util,AddCoopPlayer,False,85.71,7,6,1,1,0,0,0,0,92.36,92.36,553
zombie.erosion.categories.NaturePlants,zombie.erosion.categories,NaturePlants,False,85.71,7,6,1,1,0,0,0,0,92.46,92.46,1391
zombie.chat.defaultChats.WhisperChat,zombie.chat.defaultChats,WhisperChat,False,85.71,7,6,1,0,1,0,0,0,93.75,93.75,210
zombie.vehicles.PathFindState2,zombie.vehicles,PathFindState2,False,85.71,7,6,1,1,0,0,0,0,95.7,95.7,159
zombie.randomizedWorld.randomizedBuilding.TableStories.RBTableStoryBase,zombie.randomizedWorld.randomizedBuilding.TableStories,RBTableStoryBase,False,85.71,7,6,1,1,0,0,0,0,95.83,95.83,340
zombie.core.logger.ExceptionLogger,zombie.core.logger,ExceptionLogger,False,85.71,7,6,1,0,1,0,0,0,96,96.0,235
zombie.erosion.categories.NatureTrees,zombie.erosion.categories,NatureTrees,False,85.71,7,6,1,1,0,0,0,0,96.26,96.26,1503
zombie.erosion.season.ErosionIceQueen,zombie.erosion.season,ErosionIceQueen,False,85.71,7,6,1,1,0,0,0,0,97.91,97.91,906
zombie.characters.NetworkTeleport,zombie.characters,NetworkTeleport,False,85.71,7,6,1,1,0,0,0,0,98.81,98.81,779
zombie.MapGroups$MapGroup,zombie,MapGroups$MapGroup,True,85.71,14,12,2,0,2,0,0,0,100.0,100.0,375
zombie.Lua.MapObjects,zombie.Lua,MapObjects,False,86.67,15,13,2,2,0,0,0,0,78.23,78.23,652
zombie.worldMap.WorldMapRenderer$Drawer,zombie.worldMap,WorldMapRenderer$Drawer,True,86.67,45,39,6,2,4,0,0,0,76.7,86.84,7767
zombie.core.skinnedmodel.model.HeightTerrain,zombie.core.skinnedmodel.model,HeightTerrain,False,87.5,8,7,1,1,0,0,0,0,73.54,73.54,1351
zombie.ai.states.ZombieOnGroundState,zombie.ai.states,ZombieOnGroundState,False,87.5,8,7,1,1,0,0,0,0,77.01,77.01,284
zombie.core.Collections.NonBlockingHashMap$SnapshotV,zombie.core.Collections,NonBlockingHashMap$SnapshotV,True,87.5,8,7,1,1,0,0,0,0,79.17,79.17,122
zombie.core.Collections.NonBlockingHashtable$SnapshotV,zombie.core.Collections,NonBlockingHashtable$SnapshotV,True,87.5,8,7,1,1,0,0,0,0,79.17,79.17,122
zombie.core.Collections.NonBlockingIdentityHashMap$SnapshotV,zombie.core.Collections,NonBlockingIdentityHashMap$SnapshotV,True,87.5,8,7,1,1,0,0,0,0,79.17,79.17,122
zombie.world.logger.WorldDictionaryLogger,zombie.world.logger,WorldDictionaryLogger,False,87.5,8,7,1,0,1,0,0,0,86.46,86.46,135
zombie.network.PassengerMap,zombie.network,PassengerMap,False,87.5,8,7,1,1,0,0,0,0,90,90.0,524
zombie.iso.ContainerOverlays,zombie.iso,ContainerOverlays,False,87.5,8,7,1,1,0,0,0,0,90.91,90.91,319
zombie.iso.objects.IsoTelevision,zombie.iso.objects,IsoTelevision,False,87.5,16,14,2,1,1,0,0,0,86.71,93.35,670
zombie.network.GameServerWorkshopItems$WorkshopItem,zombie.network,GameServerWorkshopItems$WorkshopItem,True,87.5,16,14,2,2,0,0,0,0,92.31,93.98,257
zombie.randomizedWorld.randomizedBuilding.RBTableStory,zombie.randomizedWorld.randomizedBuilding,RBTableStory,False,87.5,8,7,1,1,0,0,0,0,94,94.0,530
zombie.characters.skills.CustomPerks,zombie.characters.skills,CustomPerks,False,87.5,8,7,1,1,0,0,0,0,95.31,95.31,373
zombie.sandbox.CustomSandboxOptions,zombie.sandbox,CustomSandboxOptions,False,87.5,8,7,1,1,0,0,0,0,95.31,95.31,292
zombie.core.Collections.NonBlockingHashMapLong$SnapshotV,zombie.core.Collections,NonBlockingHashMapLong$SnapshotV,True,87.5,8,7,1,1,0,0,0,0,95.65,95.65,142
zombie.ai.states.BumpedState,zombie.ai.states,BumpedState,False,87.5,8,7,1,0,1,0,0,0,96.1,96.1,197
zombie.core.skinnedmodel.advancedanimation.AnimState,zombie.core.skinnedmodel.advancedanimation,AnimState,False,87.5,8,7,1,1,0,0,0,0,96.36,96.36,243
zombie.popman.LoadedAreas,zombie.popman,LoadedAreas,False,87.5,8,7,1,1,0,0,0,0,96.9,96.9,574
zombie.iso.weather.fx.ParticleRectangle,zombie.iso.weather.fx,ParticleRectangle,False,87.5,8,7,1,1,0,0,0,0,97.47,97.47,311
zombie.core.skinnedmodel.animation.SoftwareSkinnedModelAnim,zombie.core.skinnedmodel.animation,SoftwareSkinnedModelAnim,False,87.5,8,7,1,1,0,0,0,0,99.55,99.55,1448
zombie.core.utils.ExpandableBooleanList,zombie.core.utils,ExpandableBooleanList,False,87.5,8,7,1,0,1,0,0,0,100.0,100.0,156
zombie.network.chat.ChatServer,zombie.network.chat,ChatServer,False,87.88,33,29,4,1,2,1,0,0,85.19,87.16,1367
zombie.radio.RadioXmlReader,zombie.radio,RadioXmlReader,False,88.0,25,22,3,2,1,0,0,0,92,95.11,1152
zombie.network.FakeClientManager$ZombieSimulator,zombie.network,FakeClientManager$ZombieSimulator,True,88.24,17,15,2,2,0,0,0,0,88.16,93.28,1416
zombie.iso.objects.IsoFire,zombie.iso.objects,IsoFire,False,88.24,34,30,4,1,1,2,0,0,94.74,96.38,2099
zombie.gameStates.DebugChunkState,zombie.gameStates,DebugChunkState,False,88.37,43,38,5,4,1,0,0,0,73.58,85.68,4480
zombie.vehicles.AttackVehicleState,zombie.vehicles,AttackVehicleState,False,88.89,9,8,1,0,0,1,0,0,80,80.0,456
zombie.LootRespawn,zombie,LootRespawn,False,88.89,9,8,1,0,1,0,0,0,86.25,86.25,494
zombie.iso.CellLoader,zombie.iso,CellLoader,False,88.89,9,8,1,0,1,0,0,0,86.49,86.49,1553
zombie.core.skinnedmodel.model.WorldItemAtlas,zombie.core.skinnedmodel.model,WorldItemAtlas,False,88.89,9,8,1,0,1,0,0,0,89.47,89.47,587
zombie.core.skinnedmodel.animation.StaticAnimation,zombie.core.skinnedmodel.animation,StaticAnimation,False,88.89,9,8,1,1,0,0,0,0,90.83,90.83,660
zombie.core.skinnedmodel.DeadBodyAtlas,zombie.core.skinnedmodel,DeadBodyAtlas,False,88.89,18,16,2,0,2,0,0,0,88.76,92.94,1523
zombie.core.skinnedmodel.advancedanimation.AnimLayer,zombie.core.skinnedmodel.advancedanimation,AnimLayer,False,88.89,45,40,5,4,1,0,0,0,88.1,93.04,1812
zombie.iso.objects.IsoMolotovCocktail,zombie.iso.objects,IsoMolotovCocktail,False,88.89,9,8,1,0,1,0,0,0,94.34,94.34,249
zombie.vehicles.CollideWithObstaclesPoly$ChunkDataZ,zombie.vehicles,CollideWithObstaclesPoly$ChunkDataZ,True,88.89,9,8,1,0,1,0,0,0,94.79,94.79,999
zombie.ui.UIDebugConsole,zombie.ui,UIDebugConsole,False,88.89,18,16,2,2,0,0,0,0,95.28,95.7,1218
zombie.util.BufferedRandomAccessFile,zombie.util,BufferedRandomAccessFile,False,88.89,9,8,1,1,0,0,0,0,95.83,95.83,303
zombie.vehicles.CollideWithObstacles$CCObjectOutline,zombie.vehicles,CollideWithObstacles$CCObjectOutline,True,88.89,18,16,2,2,0,0,0,0,95.89,95.89,1115
zombie.vehicles.PolygonalMap2$ObjectOutline,zombie.vehicles,PolygonalMap2$ObjectOutline,True,88.89,18,16,2,2,0,0,0,0,95.89,95.89,1115
zombie.network.TableNetworkUtils,zombie.network,TableNetworkUtils,False,88.89,9,8,1,1,0,0,0,0,96.55,96.55,326
zombie.core.skinnedmodel.population.BeardStyles,zombie.core.skinnedmodel.population,BeardStyles,False,88.89,9,8,1,1,0,0,0,0,97.44,97.44,166
zombie.network.MPStatisticClient,zombie.network,MPStatisticClient,False,88.89,9,8,1,0,1,0,0,0,100.0,100.0,490
zombie.gameStates.DebugGlobalObjectState,zombie.gameStates,DebugGlobalObjectState,False,89.47,19,17,2,1,1,0,0,0,73.58,86.79,783
zombie.core.textures.TextureCombiner,zombie.core.textures,TextureCombiner,False,89.47,19,17,2,0,2,0,0,0,100.0,100.0,911
zombie.core.skinnedmodel.population.ClothingItemAssetManager,zombie.core.skinnedmodel.population,ClothingItemAssetManager,False,90.0,10,9,1,1,0,0,0,0,78.65,78.65,184
zombie.gameStates.AttachmentEditorState,zombie.gameStates,AttachmentEditorState,False,90.0,20,18,2,2,0,0,0,0,79.17,81.74,804
zombie.worldMap.WorldMapVBOs,zombie.worldMap,WorldMapVBOs,False,90.0,10,9,1,1,0,0,0,0,85.92,85.92,264
zombie.core.skinnedmodel.population.PopTemplateManager,zombie.core.skinnedmodel.population,PopTemplateManager,False,90.0,10,9,1,1,0,0,0,0,91.3,91.3,621
zombie.gameStates.IngameState,zombie.gameStates,IngameState,False,90.0,30,27,3,2,1,0,0,0,87.1,92.24,2971
zombie.vehicles.CollideWithObstaclesPoly,zombie.vehicles,CollideWithObstaclesPoly,False,90.0,10,9,1,1,0,0,0,0,97.04,97.04,1367
zombie.iso.weather.WorldFlares$Flare,zombie.iso.weather,WorldFlares$Flare,True,90.0,20,18,2,0,2,0,0,0,99.08,99.16,755
zombie.randomizedWorld.randomizedBuilding.RBBasic,zombie.randomizedWorld.randomizedBuilding,RBBasic,False,90.0,20,18,2,2,0,0,0,0,99.68,99.69,2828
zombie.iso.TileOverlays,zombie.iso,TileOverlays,False,90.0,10,9,1,0,1,0,0,0,100.0,100.0,434
zombie.iso.IsoRoofFixer,zombie.iso,IsoRoofFixer,False,90.48,21,19,2,1,1,0,0,0,80.34,88.41,1032
zombie.popman.NetworkZombieSimulator,zombie.popman,NetworkZombieSimulator,False,90.48,21,19,2,2,0,0,0,0,88.73,93.55,1031
zombie.core.textures.MultiTextureFBO2,zombie.core.textures,MultiTextureFBO2,False,90.48,21,19,2,1,1,0,0,0,90,95.0,922
zombie.core.Collections.NonBlockingSetInt$NBSI,zombie.core.Collections,NonBlockingSetInt$NBSI,True,90.48,21,19,2,0,2,0,0,0,100.0,100.0,911
zombie.savefile.PlayerDB$SQLPlayerStore,zombie.savefile,PlayerDB$SQLPlayerStore,True,90.91,11,10,1,0,1,0,0,0,80,80.0,524
zombie.input.GameKeyboard,zombie.input,GameKeyboard,False,90.91,11,10,1,1,0,0,0,0,84.27,84.27,278
zombie.vehicles.UI3DScene,zombie.vehicles,UI3DScene,False,90.91,55,50,5,5,0,0,0,0,54.64,84.66,5636
zombie.inventory.RecipeManager$RMRecipeItemList,zombie.inventory,RecipeManager$RMRecipeItemList,True,90.91,11,10,1,0,1,0,0,0,89.22,89.22,580
zombie.iso.Helicopter,zombie.iso,Helicopter,False,90.91,11,10,1,1,0,0,0,0,91.6,91.6,805
zombie.vehicles.UI3DScene$RotateGizmo,zombie.vehicles,UI3DScene$RotateGizmo,True,90.91,11,10,1,1,0,0,0,0,93.81,93.81,1363
zombie.worldMap.StrokeGeometry,zombie.worldMap,StrokeGeometry,False,90.91,11,10,1,1,0,0,0,0,99.06,99.06,1074
zombie.ui.MoodlesUI,zombie.ui,MoodlesUI,False,90.91,11,10,1,0,1,0,0,0,100.0,100.0,1267
zombie.iso.IsoMetaGrid,zombie.iso,IsoMetaGrid,False,91.18,68,62,6,2,4,0,0,0,62.5,86.34,5234
zombie.iso.sprite.IsoAnim,zombie.iso.sprite,IsoAnim,False,91.3,23,21,2,2,0,0,0,0,80,85.12,1734
zombie.core.raknet.UdpEngine,zombie.core.raknet,UdpEngine,False,91.3,23,21,2,1,1,0,0,0,81.12,87.56,833
zombie.iso.objects.RainManager,zombie.iso.objects,RainManager,False,91.3,23,21,2,2,0,0,0,0,90.61,92.13,819
zombie.characters.action.ActionContext,zombie.characters.action,ActionContext,False,91.43,35,32,3,1,2,0,0,0,83.59,88.02,882
zombie.network.ServerMap,zombie.network,ServerMap,False,91.43,35,32,3,1,2,0,0,0,87.6,90.43,2018
zombie.core.skinnedmodel.model.ModelLoader,zombie.core.skinnedmodel.model,ModelLoader,False,91.67,12,11,1,0,1,0,0,0,76.97,76.97,1317
zombie.network.ServerLOS,zombie.network,ServerLOS,False,91.67,12,11,1,1,0,0,0,0,78.26,78.26,329
zombie.characters.action.conditions.CharacterVariableCondition,zombie.characters.action.conditions,CharacterVariableCondition,False,91.67,12,11,1,0,1,0,0,0,83.82,83.82,793
zombie.inventory.ItemPickerJava,zombie.inventory,ItemPickerJava,False,91.67,24,22,2,1,1,0,0,0,78.41,86.45,2434
zombie.core.Collections.ConcurrentAutoTable$CAT,zombie.core.Collections,ConcurrentAutoTable$CAT,True,91.67,12,11,1,1,0,0,0,0,94.04,94.04,447
zombie.popman.NetworkZombiePacker,zombie.popman,NetworkZombiePacker,False,91.67,12,11,1,1,0,0,0,0,94.55,94.55,730
zombie.iso.weather.ThunderStorm,zombie.iso.weather,ThunderStorm,False,91.67,24,22,2,0,2,0,0,0,95.55,95.97,1569
zombie.vehicles.PolygonalMap2$ConnectedRegions,zombie.vehicles,PolygonalMap2$ConnectedRegions,True,91.67,12,11,1,0,1,0,0,0,96.41,96.41,997
zombie.vehicles.CollideWithObstacles,zombie.vehicles,CollideWithObstacles,False,91.67,12,11,1,1,0,0,0,0,96.55,96.55,2446
zombie.fileSystem.DiskFileDevice$DiskFile,zombie.fileSystem,DiskFileDevice$DiskFile,True,91.67,12,11,1,0,1,0,0,0,97.62,97.62,252
zombie.core.skinnedmodel.model.Model,zombie.core.skinnedmodel.model,Model,False,92.0,25,23,2,2,0,0,0,0,90.63,91.7,1783
zombie.gameStates.ConnectToServerState,zombie.gameStates,ConnectToServerState,False,92.0,25,23,2,2,0,0,0,0,98.15,98.37,1084
zombie.iso.IsoChunk,zombie.iso,IsoChunk,False,92.08,101,93,8,3,5,0,0,0,73.44,89.17,13769
zombie.iso.objects.IsoWorldInventoryObject,zombie.iso.objects,IsoWorldInventoryObject,False,92.11,38,35,3,1,2,0,0,0,85.19,91.96,1394
zombie.iso.objects.IsoGenerator,zombie.iso.objects,IsoGenerator,False,92.11,38,35,3,2,1,0,0,0,89.01,93.89,1942
zombie.SandboxOptions$BooleanSandboxOption,zombie,SandboxOptions$BooleanSandboxOption,True,92.31,13,12,1,0,1,0,0,0,72.73,72.73,121
zombie.SandboxOptions$DoubleSandboxOption,zombie,SandboxOptions$DoubleSandboxOption,True,92.31,13,12,1,0,1,0,0,0,72.73,72.73,185
zombie.SandboxOptions$IntegerSandboxOption,zombie,SandboxOptions$IntegerSandboxOption,True,92.31,13,12,1,0,1,0,0,0,72.73,72.73,164
zombie.SandboxOptions$StringSandboxOption,zombie,SandboxOptions$StringSandboxOption,True,92.31,13,12,1,0,1,0,0,0,72.73,72.73,122
zombie.characters.action.ActionGroup,zombie.characters.action,ActionGroup,False,92.31,13,12,1,1,0,0,0,0,88,88.0,361
zombie.savefile.ServerPlayerDB,zombie.savefile,ServerPlayerDB,False,92.31,13,12,1,0,1,0,0,0,91.42,91.42,564
zombie.inventory.RecipeManager$RMRecipe,zombie.inventory,RecipeManager$RMRecipe,True,92.31,13,12,1,0,1,0,0,0,93.33,93.33,434
zombie.core.skinnedmodel.population.HairStyles,zombie.core.skinnedmodel.population,HairStyles,False,92.31,13,12,1,1,0,0,0,0,98.2,98.2,269
zombie.iso.IsoPuddlesCompute,zombie.iso,IsoPuddlesCompute,False,92.31,13,12,1,1,0,0,0,0,98.45,98.45,760
zombie.ui.Clock,zombie.ui,Clock,False,92.31,13,12,1,0,1,0,0,0,100.0,100.0,1560
zombie.GameWindow,zombie,GameWindow,False,92.5,40,37,3,2,1,0,0,0,92.98,96.35,2009
zombie.iso.weather.fx.WeatherFxMask,zombie.iso.weather.fx,WeatherFxMask,False,92.59,27,25,2,2,0,0,0,0,90.39,92.81,2577
zombie.savefile.PlayerDB,zombie.savefile,PlayerDB,False,92.59,27,25,2,0,0,2,0,0,92.86,93.8,628
zombie.vehicles.VehicleManager,zombie.vehicles,VehicleManager,False,92.68,41,38,3,2,0,1,0,0,67.41,72.4,4985
zombie.core.textures.ImageData,zombie.core.textures,ImageData,False,92.68,41,38,3,1,2,0,0,0,74.39,91.46,2151
zombie.SandboxOptions,zombie,SandboxOptions,False,92.75,69,64,5,4,1,0,0,0,80.65,95.17,3054
zombie.network.FakeClientManager,zombie.network,FakeClientManager,False,92.86,14,13,1,0,1,0,0,0,83.61,83.61,940
zombie.core.utils.BooleanGrid,zombie.core.utils,BooleanGrid,False,92.86,14,13,1,0,1,0,0,0,90.38,90.38,256
zombie.core.skinnedmodel.population.Outfit,zombie.core.skinnedmodel.population,Outfit,False,92.86,14,13,1,1,0,0,0,0,90.48,90.48,452
zombie.iso.ObjectsSyncRequests,zombie.iso,ObjectsSyncRequests,False,92.86,14,13,1,1,0,0,0,0,95.77,95.77,1438
zombie.vehicles.PathFindBehavior2,zombie.vehicles,PathFindBehavior2,False,92.86,42,39,3,2,1,0,0,0,96.42,97.55,3520
zombie.vehicles.SurroundVehicle,zombie.vehicles,SurroundVehicle,False,92.86,14,13,1,1,0,0,0,0,99.27,99.27,924
zombie.core.znet.SteamUtils,zombie.core.znet,SteamUtils,False,93.1,29,27,2,1,1,0,0,0,89.47,89.97,387
zombie.vehicles.VehiclesDB2$SQLStore,zombie.vehicles,VehiclesDB2$SQLStore,True,93.33,15,14,1,0,1,0,0,0,80,80.0,730
zombie.iso.objects.IsoWindowFrame,zombie.iso.objects,IsoWindowFrame,False,93.33,15,14,1,0,1,0,0,0,87.27,87.27,434
zombie.iso.sprite.IsoSpriteInstance,zombie.iso.sprite,IsoSpriteInstance,False,93.33,30,28,2,1,1,0,0,0,88.24,89.36,488
zombie.network.packets.EventPacket,zombie.network.packets,EventPacket,False,93.33,15,14,1,0,1,0,0,0,91.77,91.77,1308
zombie.core.skinnedmodel.model.VertexBufferObject,zombie.core.skinnedmodel.model,VertexBufferObject,False,93.33,15,14,1,1,0,0,0,0,91.78,91.78,1073
zombie.network.FakeClientManager$Network,zombie.network,FakeClientManager$Network,True,93.33,15,14,1,1,0,0,0,0,92.41,92.41,579
zombie.core.textures.PNGDecoder,zombie.core.textures,PNGDecoder,False,93.33,45,42,3,1,2,0,0,0,93.33,95.37,2543
zombie.randomizedWorld.randomizedZoneStory.RandomizedZoneStoryBase,zombie.randomizedWorld.randomizedZoneStory,RandomizedZoneStoryBase,False,93.33,15,14,1,1,0,0,0,0,96.3,96.3,696
zombie.core.physics.CarController,zombie.core.physics,CarController,False,93.55,31,29,2,0,2,0,0,0,99.15,99.58,3894
zombie.erosion.categories.ErosionCategory,zombie.erosion.categories,ErosionCategory,False,93.75,16,15,1,0,1,0,0,0,58.62,58.62,445
zombie.Lua.LuaManager,zombie.Lua,LuaManager,False,93.75,32,30,2,1,1,0,0,0,80.95,84.95,1056
zombie.iso.IsoPuddles$PuddlesFloat,zombie.iso,IsoPuddles$PuddlesFloat,True,93.75,16,15,1,1,0,0,0,0,88.89,88.89,142
zombie.core.Collections.NonBlockingIdentityHashMap,zombie.core.Collections,NonBlockingIdentityHashMap,False,93.75,48,45,3,0,3,0,0,0,80.08,91.69,1062
zombie.core.skinnedmodel.advancedanimation.AnimNode,zombie.core.skinnedmodel.advancedanimation,AnimNode,False,93.75,16,15,1,1,0,0,0,0,94.12,94.12,400
zombie.network.FakeClientManager$Player,zombie.network,FakeClientManager$Player,True,93.75,16,15,1,0,1,0,0,0,95.65,95.65,1362
zombie.network.FakeClientManager$Client,zombie.network,FakeClientManager$Client,True,93.75,48,45,3,2,0,1,0,0,95.87,97.61,2378
zombie.ai.GameCharacterAIBrain,zombie.ai,GameCharacterAIBrain,False,93.75,16,15,1,0,1,0,0,0,98.31,98.31,536
zombie.core.Collections.ConcurrentAutoTable,zombie.core.Collections,ConcurrentAutoTable,False,93.75,16,15,1,0,1,0,0,0,100.0,100.0,118
zombie.iso.IsoCell,zombie.iso,IsoCell,False,93.87,212,199,13,4,9,0,0,0,72.39,87.77,14543
zombie.core.Collections.NonBlockingHashMap,zombie.core.Collections,NonBlockingHashMap,False,93.88,49,46,3,0,3,0,0,0,80.52,91.84,1129
zombie.core.Collections.NonBlockingHashtable,zombie.core.Collections,NonBlockingHashtable,False,93.88,49,46,3,0,3,0,0,0,80.52,91.84,1113
zombie.iso.areas.isoregion.data.DataChunk,zombie.iso.areas.isoregion.data,DataChunk,False,94.0,50,47,3,0,3,0,0,0,99.01,99.67,1691
zombie.SandboxOptions$EnumSandboxOption,zombie,SandboxOptions$EnumSandboxOption,True,94.12,17,16,1,0,1,0,0,0,72.73,72.73,199
zombie.core.math.PZMath,zombie.core.math,PZMath,False,94.12,51,48,3,3,0,0,0,0,75,78.33,854
zombie.worldMap.editor.WorldMapEditorState,zombie.worldMap.editor,WorldMapEditorState,False,94.12,17,16,1,1,0,0,0,0,79.17,79.17,245
zombie.iso.areas.IsoBuilding,zombie.iso.areas,IsoBuilding,False,94.12,34,32,2,0,2,0,0,0,81.4,83.01,1460
zombie.core.Collections.NonBlockingHashMapLong$CHM,zombie.core.Collections,NonBlockingHashMapLong$CHM,True,94.12,17,16,1,0,1,0,0,0,91.67,91.67,945
zombie.core.utils.FibonacciHeap,zombie.core.utils,FibonacciHeap,False,94.12,17,16,1,0,1,0,0,0,95.73,95.73,602
zombie.core.skinnedmodel.model.CharacterMask$Part,zombie.core.skinnedmodel.model,CharacterMask$Part,True,94.12,17,16,1,1,0,0,0,0,98.63,98.63,478
zombie.core.skinnedmodel.population.OutfitManager,zombie.core.skinnedmodel.population,OutfitManager,False,94.29,35,33,2,2,0,0,0,0,85.25,92.01,801
zombie.iso.IsoChunkMap,zombie.iso,IsoChunkMap,False,94.34,53,50,3,1,1,1,0,0,84.52,88.94,3496
zombie.vehicles.PolygonalMap2,zombie.vehicles,PolygonalMap2,False,94.34,53,50,3,1,1,1,0,0,90.23,95.55,6076
zombie.util.list.PZConvertList,zombie.util.list,PZConvertList,False,94.44,18,17,1,0,1,0,0,0,50,50.0,216
zombie.util.list.PrimitiveFloatList,zombie.util.list,PrimitiveFloatList,False,94.44,18,17,1,0,1,0,0,0,71.43,71.43,206
zombie.worldMap.ImagePyramid,zombie.worldMap,ImagePyramid,False,94.44,18,17,1,0,1,0,0,0,82.98,82.98,1132
zombie.radio.StorySounds.SLSoundManager,zombie.radio.StorySounds,SLSoundManager,False,94.44,18,17,1,1,0,0,0,0,86.84,86.84,456
zombie.util.PZXmlUtil,zombie.util,PZXmlUtil,False,94.44,18,17,1,0,1,0,0,0,87.23,87.23,633
zombie.iso.objects.IsoBarricade,zombie.iso.objects,IsoBarricade,False,94.44,36,34,2,1,1,0,0,0,88,88.14,1861
zombie.iso.MultiStageBuilding$Stage,zombie.iso,MultiStageBuilding$Stage,True,94.44,18,17,1,0,1,0,0,0,93.7,93.7,765
zombie.profanity.ProfanityFilter,zombie.profanity,ProfanityFilter,False,94.44,18,17,1,1,0,0,0,0,94.81,94.81,326
zombie.core.Collections.ZomboidAbstractMap,zombie.core.Collections,ZomboidAbstractMap,False,94.44,18,17,1,1,0,0,0,0,96.55,96.55,362
zombie.vehicles.PolygonalMap2$SearchNode,zombie.vehicles,PolygonalMap2$SearchNode,True,94.44,18,17,1,0,1,0,0,0,97.69,97.69,1148
zombie.network.GameServer,zombie.network,GameServer,False,94.52,310,293,17,9,8,0,0,0,81.13,89.91,20938
zombie.inventory.RecipeManager,zombie.inventory,RecipeManager,False,94.59,37,35,2,1,1,0,0,0,70.8,83.67,2224
zombie.iso.IsoGridSquare,zombie.iso,IsoGridSquare,False,94.59,388,367,21,8,13,0,0,0,67.74,89.51,23876
zombie.scripting.objects.Fixing,zombie.scripting.objects,Fixing,False,94.74,19,18,1,1,0,0,0,0,79.25,79.25,495
zombie.GameSounds,zombie,GameSounds,False,94.74,19,18,1,1,0,0,0,0,83.33,83.33,778
zombie.core.VBO.GLVertexBufferObject,zombie.core.VBO,GLVertexBufferObject,False,94.74,19,18,1,0,1,0,0,0,83.33,83.33,395
zombie.worldMap.symbols.WorldMapSymbols,zombie.worldMap.symbols,WorldMapSymbols,False,94.74,19,18,1,0,1,0,0,0,95.59,95.59,778
zombie.core.skinnedmodel.model.ModelInstanceTextureCreator,zombie.core.skinnedmodel.model,ModelInstanceTextureCreator,False,94.74,19,18,1,1,0,0,0,0,100.0,100.0,1626
zombie.iso.objects.IsoDeadBody,zombie.iso.objects,IsoDeadBody,False,94.87,78,74,4,1,3,0,0,0,88.49,91.0,4131
zombie.radio.media.RecordedMedia,zombie.radio.media,RecordedMedia,False,95.0,20,19,1,1,0,0,0,0,74.17,74.17,1015
zombie.ai.states.ClimbOverFenceState,zombie.ai.states,ClimbOverFenceState,False,95.0,20,19,1,0,1,0,0,0,78.19,78.19,1773
zombie.iso.objects.IsoFireManager,zombie.iso.objects,IsoFireManager,False,95.0,20,19,1,0,1,0,0,0,82.01,82.01,696
zombie.chat.ChatUtility,zombie.chat,ChatUtility,False,95.0,20,19,1,0,1,0,0,0,93.75,93.75,1064
zombie.iso.Particles,zombie.iso,Particles,False,95.0,20,19,1,1,0,0,0,0,94.44,94.44,510
zombie.popman.MPDebugInfo,zombie.popman,MPDebugInfo,False,95.0,20,19,1,1,0,0,0,0,95.65,95.65,1347
zombie.core.Collections.ZomboidHashMap,zombie.core.Collections,ZomboidHashMap,False,95.0,40,38,2,1,1,0,0,0,95.35,97.67,1106
zombie.gameStates.MainScreenState,zombie.gameStates,MainScreenState,False,95.0,20,19,1,1,0,0,0,0,97.92,97.92,1890
zombie.vehicles.EditVehicleState,zombie.vehicles,EditVehicleState,False,95.24,21,20,1,1,0,0,0,0,84.31,84.31,1521
zombie.ZomboidFileSystem,zombie,ZomboidFileSystem,False,95.24,105,100,5,2,3,0,0,0,86.36,90.79,2795
zombie.iso.areas.isoregion.IsoRegionWorker,zombie.iso.areas.isoregion,IsoRegionWorker,False,95.24,21,20,1,1,0,0,0,0,91.89,91.89,1031
zombie.globalObjects.SGlobalObjectSystem,zombie.globalObjects,SGlobalObjectSystem,False,95.24,21,20,1,1,0,0,0,0,94.53,94.53,680
zombie.chat.ChatManager,zombie.chat,ChatManager,False,95.35,43,41,2,1,1,0,0,0,88.64,90.62,1284
zombie.ai.states.ClimbThroughWindowState,zombie.ai.states,ClimbThroughWindowState,False,95.45,22,21,1,0,1,0,0,0,83.78,83.78,1766
zombie.iso.IsoWater,zombie.iso,IsoWater,False,95.45,22,21,1,1,0,0,0,0,96.91,96.91,600
zombie.ui.UIManager,zombie.ui,UIManager,False,95.61,114,109,5,2,3,0,0,0,63.64,78.94,3319
zombie.gameStates.AnimationViewerState,zombie.gameStates,AnimationViewerState,False,95.65,23,22,1,1,0,0,0,0,66.67,66.67,451
zombie.vehicles.VehiclesDB2,zombie.vehicles,VehiclesDB2,False,95.65,23,22,1,0,1,0,0,0,92.2,92.2,315
zombie.iso.weather.dbg.ClimMngrDebug,zombie.iso.weather.dbg,ClimMngrDebug,False,95.65,23,22,1,0,1,0,0,0,100.0,100.0,2139
zombie.iso.BrokenFences,zombie.iso,BrokenFences,False,95.83,24,23,1,0,1,0,0,0,81.18,81.18,858
zombie.iso.objects.IsoCarBatteryCharger,zombie.iso.objects,IsoCarBatteryCharger,False,95.83,24,23,1,0,1,0,0,0,93.48,93.48,865
zombie.characters.IsoGameCharacter$XP,zombie.characters,IsoGameCharacter$XP,True,95.83,24,23,1,1,0,0,0,0,98.23,98.23,1202
zombie.characters.BodyDamage.Fitness,zombie.characters.BodyDamage,Fitness,False,96.0,25,24,1,0,0,1,0,0,78.32,78.32,1117
zombie.world.DictionaryData,zombie.world,DictionaryData,False,96.0,25,24,1,0,1,0,0,0,94.2,94.2,1288
zombie.inventory.types.InventoryContainer,zombie.inventory.types,InventoryContainer,False,96.0,25,24,1,0,1,0,0,0,98.17,98.17,497
zombie.iso.IsoPuddles,zombie.iso,IsoPuddles,False,96.15,26,25,1,1,0,0,0,0,96.73,96.73,929
zombie.core.input.Input,zombie.core.input,Input,False,96.15,26,25,1,1,0,0,0,0,100.0,100.0,717
zombie.core.skinnedmodel.ModelManager,zombie.core.skinnedmodel,ModelManager,False,96.2,79,76,3,3,0,0,0,0,92.13,93.68,4276
zombie.iso.IsoWorld,zombie.iso,IsoWorld,False,96.23,106,102,4,1,3,0,0,0,87.63,94.28,6244
zombie.debug.DebugOptions,zombie.debug,DebugOptions,False,96.3,27,26,1,0,1,0,0,0,76.32,76.32,1104
zombie.network.CoopMaster,zombie.network,CoopMaster,False,96.3,27,26,1,0,1,0,0,0,94.74,94.74,857
zombie.erosion.ErosionMain,zombie.erosion,ErosionMain,False,96.3,27,26,1,1,0,0,0,0,99.08,99.08,1675
zombie.scripting.objects.EvolvedRecipe,zombie.scripting.objects,EvolvedRecipe,False,96.43,28,27,1,1,0,0,0,0,97.07,97.07,1763
zombie.commands.CommandBase,zombie.commands,CommandBase,False,96.43,28,27,1,0,1,0,0,0,98.02,98.02,727
zombie.network.MPStatistic,zombie.network,MPStatistic,False,96.43,28,27,1,1,0,0,0,0,99.13,99.13,2673
zombie.radio.ZomboidRadio,zombie.radio,ZomboidRadio,False,96.49,57,55,2,1,1,0,0,0,86.27,92.72,2517
zombie.ui.UITextBox2,zombie.ui,UITextBox2,False,96.49,57,55,2,0,2,0,0,0,90.95,94.48,2657
zombie.randomizedWorld.randomizedBuilding.RandomizedBuildingBase,zombie.randomizedWorld.randomizedBuilding,RandomizedBuildingBase,False,96.55,29,28,1,1,0,0,0,0,88.78,88.78,1226
zombie.iso.weather.fog.ImprovedFog,zombie.iso.weather.fog,ImprovedFog,False,96.55,58,56,2,1,1,0,0,0,93.77,94.38,1316
zombie.randomizedWorld.randomizedVehicleStory.RandomizedVehicleStoryBase,zombie.randomizedWorld.randomizedVehicleStory,RandomizedVehicleStoryBase,False,96.55,29,28,1,0,1,0,0,0,100.0,100.0,1109
zombie.iso.IsoMetaGrid$Zone,zombie.iso,IsoMetaGrid$Zone,True,96.61,59,57,2,2,0,0,0,0,91.89,92.1,2662
zombie.core.textures.Texture,zombie.core.textures,Texture,False,96.61,118,114,4,2,2,0,0,0,91.04,95.67,4093
zombie.chat.ChatElement,zombie.chat,ChatElement,False,96.67,30,29,1,0,1,0,0,0,95.58,95.58,1004
zombie.iso.WorldStreamer,zombie.iso,WorldStreamer,False,96.88,32,31,1,1,0,0,0,0,99.3,99.3,2430
zombie.vehicles.PolygonalMap2$VisibilityGraph,zombie.vehicles,PolygonalMap2$VisibilityGraph,True,96.97,33,32,1,1,0,0,0,0,93.69,93.69,4230
zombie.inventory.types.Moveable,zombie.inventory.types,Moveable,False,96.97,33,32,1,1,0,0,0,0,97.61,97.61,772
zombie.iso.weather.fx.IsoWeatherFX,zombie.iso.weather.fx,IsoWeatherFX,False,97.06,34,33,1,0,1,0,0,0,76.19,76.19,1652
zombie.iso.weather.WeatherPeriod,zombie.iso.weather,WeatherPeriod,False,97.14,70,68,2,2,0,0,0,0,80.95,82.14,3618
zombie.core.raknet.UdpConnection,zombie.core.raknet,UdpConnection,False,97.14,35,34,1,1,0,0,0,0,87.5,87.5,1186
zombie.core.ImmutableColor,zombie.core,ImmutableColor,False,97.22,36,35,1,0,1,0,0,0,99.51,99.51,957
zombie.core.raknet.RakNetPeerInterface,zombie.core.raknet,RakNetPeerInterface,False,97.3,37,36,1,0,1,0,0,0,90.63,90.63,159
zombie.characters.IsoPlayer,zombie.characters,IsoPlayer,False,97.32,410,399,11,8,3,0,0,0,69.59,90.88,19720
zombie.core.skinnedmodel.advancedanimation.AnimatedModel,zombie.core.skinnedmodel.advancedanimation,AnimatedModel,False,97.33,75,73,2,1,1,0,0,0,91.86,92.52,2609
zombie.worldMap.WorldMapVisited,zombie.worldMap,WorldMapVisited,False,97.37,38,37,1,0,1,0,0,0,100.0,100.0,2211
zombie.vehicles.BaseVehicle,zombie.vehicles,BaseVehicle,False,97.4,500,487,13,12,1,0,0,0,72.59,89.93,26650
zombie.VirtualZombieManager,zombie,VirtualZombieManager,False,97.44,39,38,1,0,1,0,0,0,78.79,78.79,2792
zombie.core.textures.TextureID,zombie.core.textures,TextureID,False,97.44,39,38,1,0,1,0,0,0,100.0,100.0,1446
zombie.iso.objects.IsoDoor,zombie.iso.objects,IsoDoor,False,97.48,119,116,3,1,2,0,0,0,73.86,78.58,8603
zombie.network.ServerWorldDatabase,zombie.network,ServerWorldDatabase,False,97.5,40,39,1,1,0,0,0,0,75.47,75.47,2680
zombie.iso.objects.IsoWindow,zombie.iso.objects,IsoWindow,False,97.62,84,82,2,1,1,0,0,0,75.22,85.07,3730
zombie.iso.weather.ClimateValues,zombie.iso.weather,ClimateValues,False,97.62,42,41,1,0,1,0,0,0,99.57,99.57,1366
zombie.iso.objects.IsoTrap,zombie.iso.objects,IsoTrap,False,97.67,43,42,1,0,1,0,0,0,98.75,98.75,1212
zombie.core.raknet.VoiceManager,zombie.core.raknet,VoiceManager,False,97.73,44,43,1,0,1,0,0,0,99.12,99.12,2491
zombie.core.opengl.RenderThread,zombie.core.opengl,RenderThread,False,97.83,46,45,1,1,0,0,0,0,84.62,84.62,874
zombie.iso.areas.isoregion.IsoRegionsRenderer,zombie.iso.areas.isoregion,IsoRegionsRenderer,False,97.83,46,45,1,1,0,0,0,0,88.49,88.49,2965
zombie.iso.objects.IsoMannequin,zombie.iso.objects,IsoMannequin,False,97.92,48,47,1,0,1,0,0,0,93.75,93.75,2035
zombie.core.Collections.NonBlockingHashMapLong,zombie.core.Collections,NonBlockingHashMapLong,False,97.92,48,47,1,0,1,0,0,0,95.83,95.83,671
zombie.core.Translator,zombie.core,Translator,False,98.0,50,49,1,0,1,0,0,0,91.98,91.98,2047
zombie.core.textures.TextureDraw,zombie.core.textures,TextureDraw,False,98.04,51,50,1,0,1,0,0,0,99.55,99.55,1693
zombie.iso.objects.IsoLightSwitch,zombie.iso.objects,IsoLightSwitch,False,98.08,52,51,1,0,1,0,0,0,98.28,98.28,2217
zombie.scripting.ScriptManager,zombie.scripting,ScriptManager,False,98.15,54,53,1,0,1,0,0,0,94.74,94.74,1917
zombie.network.GameClient,zombie.network,GameClient,False,98.18,330,324,6,4,2,0,0,0,81.6,90.4,14232
zombie.input.JoypadManager,zombie.input,JoypadManager,False,98.18,55,54,1,1,0,0,0,0,91.97,91.97,1769
zombie.characters.IsoZombie,zombie.characters,IsoZombie,False,98.23,226,222,4,3,1,0,0,0,71.23,88.32,11514
zombie.iso.IsoMovingObject,zombie.iso,IsoMovingObject,False,98.26,172,169,3,3,0,0,0,0,88.72,91.27,5187
zombie.iso.LightingJNI,zombie.iso,LightingJNI,False,98.28,58,57,1,0,1,0,0,0,89.84,89.84,2290
zombie.iso.areas.SafeHouse,zombie.iso.areas,SafeHouse,False,98.28,58,57,1,1,0,0,0,0,92.35,92.35,1488
zombie.worldMap.WorldMapRenderer,zombie.worldMap,WorldMapRenderer,False,98.39,62,61,1,1,0,0,0,0,96.77,96.77,1399
zombie.popman.ZombiePopulationManager,zombie.popman,ZombiePopulationManager,False,98.44,64,63,1,1,0,0,0,0,89.55,89.55,1764
zombie.inventory.types.Food,zombie.inventory.types,Food,False,98.45,129,127,2,1,1,0,0,0,91.03,94.06,4707
zombie.characters.BodyDamage.Thermoregulator,zombie.characters.BodyDamage,Thermoregulator,False,98.51,67,66,1,0,1,0,0,0,99.39,99.39,2860
zombie.core.sprite.GenericSpriteRenderState,zombie.core.sprite,GenericSpriteRenderState,False,98.53,68,67,1,1,0,0,0,0,85.83,85.83,2502
zombie.core.skinnedmodel.visual.HumanVisual,zombie.core.skinnedmodel.visual,HumanVisual,False,98.55,69,68,1,1,0,0,0,0,98.5,98.5,2569
zombie.characters.BodyDamage.Thermoregulator_tryouts,zombie.characters.BodyDamage,Thermoregulator_tryouts,False,98.55,69,68,1,0,1,0,0,0,99.38,99.38,4118
zombie.Lua.LuaManager$GlobalObject,zombie.Lua,LuaManager$GlobalObject,True,98.56,554,546,8,6,1,0,1,0,72.92,86.58,9777
zombie.debug.DebugLogStream,zombie.debug,DebugLogStream,False,98.57,70,69,1,0,1,0,0,0,95.05,95.05,1242
zombie.iso.IsoObject,zombie.iso,IsoObject,False,98.68,303,299,4,1,3,0,0,0,71.93,89.72,10147
zombie.iso.objects.IsoThumpable,zombie.iso.objects,IsoThumpable,False,98.68,151,149,2,1,1,0,0,0,86.36,93.18,5442
zombie.ui.TextDrawObject,zombie.ui,TextDrawObject,False,98.73,79,78,1,0,1,0,0,0,91.67,91.67,2533
zombie.characters.IsoGameCharacter,zombie.characters,IsoGameCharacter,False,98.81,928,917,11,7,4,0,0,0,86.67,94.9,29067
zombie.core.skinnedmodel.animation.AnimationPlayer,zombie.core.skinnedmodel.animation,AnimationPlayer,False,98.95,95,94,1,0,1,0,0,0,89.83,89.83,2694
zombie.core.SpriteRenderer,zombie.core,SpriteRenderer,False,98.96,96,95,1,1,0,0,0,0,94.95,94.95,1273
zombie.radio.devices.DeviceData,zombie.radio.devices,DeviceData,False,99.05,105,104,1,1,0,0,0,0,98.36,98.36,3316
zombie.GameTime,zombie,GameTime,False,99.18,122,121,1,1,0,0,0,0,96.83,96.83,2668
zombie.scripting.objects.VehicleScript,zombie.scripting.objects,VehicleScript,False,99.19,123,122,1,0,1,0,0,0,90.53,90.53,5031
zombie.core.Core,zombie.core,Core,False,99.24,395,392,3,2,1,0,0,0,88.24,93.1,8145
zombie.inventory.InventoryItem,zombie.inventory,InventoryItem,False,99.48,385,383,2,0,2,0,0,0,92,96.0,6039
zombie.characters.BodyDamage.BodyDamage,zombie.characters.BodyDamage,BodyDamage,False,99.56,228,227,1,0,1,0,0,0,95.54,95.54,7385
zombie.inventory.ItemContainer,zombie.inventory,ItemContainer,False,99.67,302,301,1,1,0,0,0,0,86.67,86.67,7036
